<?xml version="1.0" encoding="UTF-8"?>
<GenRun Id="impl_1" LaunchPart="xc7a35tcpg236-1" LaunchTime="1649962857">
  <File Type="PA-TCL" Name="TopLevel.tcl"/>
  <File Type="BITSTR-BMM" Name="TopLevel_bd.bmm"/>
  <File Type="REPORTS-TCL" Name="TopLevel_reports.tcl"/>
  <File Type="OPT-DCP" Name="TopLevel_opt.dcp"/>
  <File Type="OPT-HWDEF" Name="TopLevel.hwdef"/>
  <File Type="PWROPT-DCP" Name="TopLevel_pwropt.dcp"/>
  <File Type="PLACE-DCP" Name="TopLevel_placed.dcp"/>
  <File Type="PLACE-PRE-SIMILARITY" Name="TopLevel_incremental_reuse_pre_placed.rpt"/>
  <File Type="BG-BGN" Name="TopLevel.bgn"/>
  <File Type="POSTPLACE-PWROPT-DCP" Name="TopLevel_postplace_pwropt.dcp"/>
  <File Type="BG-BIN" Name="TopLevel.bin"/>
  <File Type="PHYSOPT-DCP" Name="TopLevel_physopt.dcp"/>
  <File Type="BITSTR-MSK" Name="TopLevel.msk"/>
  <File Type="ROUTE-ERROR-DCP" Name="TopLevel_routed_error.dcp"/>
  <File Type="ROUTE-DCP" Name="TopLevel_routed.dcp"/>
  <File Type="ROUTE-BLACKBOX-DCP" Name="TopLevel_routed_bb.dcp"/>
  <File Type="BITSTR-LTX" Name="TopLevel.ltx"/>
  <File Type="BITSTR-MMI" Name="TopLevel.mmi"/>
  <File Type="BITSTR-SYSDEF" Name="TopLevel.sysdef"/>
  <File Type="ROUTE-TIMING-PB" Name="TopLevel_timing_summary_routed.pb"/>
  <File Type="POSTROUTE-PHYSOPT-DCP" Name="TopLevel_postroute_physopt.dcp"/>
  <File Type="POSTROUTE-PHYSOPT-BLACKBOX-DCP" Name="TopLevel_postroute_physopt_bb.dcp"/>
  <File Type="BG-BIT" Name="TopLevel.bit"/>
  <File Type="BITSTR-RBT" Name="TopLevel.rbt"/>
  <File Type="BITSTR-NKY" Name="TopLevel.nky"/>
  <File Type="BG-DRC" Name="TopLevel.drc"/>
  <File Type="RDI-RDI" Name="TopLevel.vdi"/>
  <File Type="WBT-USG" Name="usage_statistics_webtalk.html"/>
  <FileSet Name="sources" Type="DesignSrcs" RelSrcDir="$PSRCDIR/sources_1">
    <Filter Type="Srcs"/>
    <File Path="$PSRCDIR/sources_1/new/FullAdder.v">
      <FileInfo>
        <Attr Name="ImportPath" Val="$PPRDIR/../../../../../../../../Desktop/project_3/project_3.srcs/sources_1/new/FullAdder.v"/>
        <Attr Name="ImportTime" Val="1649886112"/>
        <Attr Name="UsedIn" Val="synthesis"/>
        <Attr Name="UsedIn" Val="implementation"/>
        <Attr Name="UsedIn" Val="simulation"/>
      </FileInfo>
    </File>
    <File Path="$PSRCDIR/sources_1/new/Incrementer.v">
      <FileInfo>
        <Attr Name="ImportPath" Val="$PPRDIR/../../../../../../../../Desktop/project_3/project_3.srcs/sources_1/new/Incrementer.v"/>
        <Attr Name="ImportTime" Val="1649932445"/>
        <Attr Name="UsedIn" Val="synthesis"/>
        <Attr Name="UsedIn" Val="implementation"/>
        <Attr Name="UsedIn" Val="simulation"/>
      </FileInfo>
    </File>
    <File Path="$PSRCDIR/sources_1/new/hex7seg.v">
      <FileInfo>
        <Attr Name="ImportPath" Val="$PPRDIR/../../../../../../../../Desktop/project_3/project_3.srcs/sources_1/new/hex7seg.v"/>
        <Attr Name="ImportTime" Val="1649964377"/>
        <Attr Name="UsedIn" Val="synthesis"/>
        <Attr Name="UsedIn" Val="implementation"/>
        <Attr Name="UsedIn" Val="simulation"/>
      </FileInfo>
    </File>
    <File Path="$PSRCDIR/sources_1/imports/Desktop/lab3_digsel.v">
      <FileInfo>
        <Attr Name="ImportPath" Val="$PPRDIR/../../../../../../../../Desktop/lab3_digsel.v"/>
        <Attr Name="ImportTime" Val="1649917226"/>
        <Attr Name="UsedIn" Val="synthesis"/>
        <Attr Name="UsedIn" Val="implementation"/>
        <Attr Name="UsedIn" Val="simulation"/>
      </FileInfo>
    </File>
    <File Path="$PSRCDIR/sources_1/new/m2_1x8.v">
      <FileInfo>
        <Attr Name="ImportPath" Val="$PPRDIR/../../../../../../../../Desktop/project_3/project_3.srcs/sources_1/new/m2_1x8.v"/>
        <Attr Name="ImportTime" Val="1649924497"/>
        <Attr Name="UsedIn" Val="synthesis"/>
        <Attr Name="UsedIn" Val="implementation"/>
        <Attr Name="UsedIn" Val="simulation"/>
      </FileInfo>
    </File>
    <File Path="$PSRCDIR/sources_1/new/m4_1.v">
      <FileInfo>
        <Attr Name="ImportPath" Val="$PPRDIR/../../../../../../../../Desktop/project_3/project_3.srcs/sources_1/new/m4_1.v"/>
        <Attr Name="ImportTime" Val="1649932213"/>
        <Attr Name="UsedIn" Val="synthesis"/>
        <Attr Name="UsedIn" Val="implementation"/>
        <Attr Name="UsedIn" Val="simulation"/>
      </FileInfo>
    </File>
    <File Path="$PSRCDIR/sources_1/new/m8_1.v">
      <FileInfo>
        <Attr Name="ImportPath" Val="$PPRDIR/../../../../../../../../Desktop/project_3/project_3.srcs/sources_1/new/m8_1.v"/>
        <Attr Name="ImportTime" Val="1649926109"/>
        <Attr Name="UsedIn" Val="synthesis"/>
        <Attr Name="UsedIn" Val="implementation"/>
        <Attr Name="UsedIn" Val="simulation"/>
      </FileInfo>
    </File>
    <File Path="$PSRCDIR/sources_1/new/TopLevel.v">
      <FileInfo>
        <Attr Name="ImportPath" Val="$PPRDIR/../../../../../../../../Desktop/project_3/project_3.srcs/sources_1/new/TopLevel.v"/>
        <Attr Name="ImportTime" Val="1649965420"/>
        <Attr Name="UsedIn" Val="synthesis"/>
        <Attr Name="UsedIn" Val="implementation"/>
        <Attr Name="UsedIn" Val="simulation"/>
      </FileInfo>
    </File>
    <Config>
      <Option Name="DesignMode" Val="RTL"/>
      <Option Name="TopModule" Val="TopLevel"/>
      <Option Name="TopAutoSet" Val="TRUE"/>
    </Config>
  </FileSet>
  <FileSet Name="constrs_in" Type="Constrs" RelSrcDir="$PSRCDIR/constrs_1">
    <Filter Type="Constrs"/>
    <File Path="$PSRCDIR/constrs_1/imports/Desktop/Basys3_Master.xdc">
      <FileInfo>
        <Attr Name="ImportPath" Val="$PPRDIR/../../../../../../../../Desktop/Basys3_Master.xdc"/>
        <Attr Name="ImportTime" Val="1649835224"/>
        <Attr Name="UsedIn" Val="synthesis"/>
        <Attr Name="UsedIn" Val="implementation"/>
      </FileInfo>
    </File>
    <Config>
      <Option Name="ConstrsType" Val="XDC"/>
    </Config>
  </FileSet>
  <FileSet Name="utils" Type="Utils" RelSrcDir="$PSRCDIR/utils_1">
    <Filter Type="Utils"/>
    <Config>
      <Option Name="TopAutoSet" Val="TRUE"/>
    </Config>
  </FileSet>
  <Strategy Version="1" Minor="2">
    <StratHandle Name="Vivado Implementation Defaults" Flow="Vivado Implementation 2019"/>
    <Step Id="init_design"/>
    <Step Id="opt_design"/>
    <Step Id="power_opt_design"/>
    <Step Id="place_design"/>
    <Step Id="post_place_power_opt_design"/>
    <Step Id="phys_opt_design"/>
    <Step Id="route_design"/>
    <Step Id="post_route_phys_opt_design"/>
    <Step Id="write_bitstream"/>
  </Strategy>
</GenRun>
